ligand,metal_ion,n_metal,n_complex,G_ligand (kJ/mol),G_metal (kJ/mol),signed_metal_ion,del_G_eV,log_B,species,metal,species_label
NH3,Ag+,1,1,-26.63,77.107,Ag[1+],0.3219904,3.4,Ag(NH3)1[1+],Ag,Ag1(NH3)1[1+]
NH3,Ag+,1,2,-26.63,77.107,Ag[1+],-0.19067697090000002,7.4,Ag(NH3)2[1+],Ag,Ag1(NH3)2[1+]
NH3,Au+,1,2,-26.63,176.0,Au[1+],-0.3253909145,27.0,Au(NH3)2[1+],Au,Au1(NH3)2[1+]
NH3,Au3+,1,4,-26.63,440.0,Au[3+],1.6812751204,30.0,Au(NH3)4[3+],Au,Au1(NH3)4[3+]
NH3,Ca2+,1,1,-26.63,-553.54,Ca[2+],-6.001204983,-0.2,Ca(NH3)1[2+],Ca,Ca1(NH3)1[2+]
NH3,Ca2+,1,2,-26.63,-553.54,Ca[2+],-6.2417054534,-0.8,Ca(NH3)2[2+],Ca,Ca1(NH3)2[2+]
NH3,Ca2+,1,3,-26.63,-553.54,Ca[2+],-6.4703725804,-1.6,Ca(NH3)3[2+],Ca,Ca1(NH3)3[2+]
NH3,Ca2+,1,4,-26.63,-553.54,Ca[2+],-7.0007899665,2.7,Ca(NH3)4[2+],Ca,Ca1(NH3)4[2+]
NH3,Cd2+,1,1,-26.63,-77.612,Cd[2+],-1.2342256630000001,2.6,Cd(NH3)1[2+],Cd,Cd1(NH3)1[2+]
NH3,Cd2+,1,2,-26.63,-77.612,Cd[2+],-1.6315179348000002,4.65,Cd(NH3)2[2+],Cd,Cd1(NH3)2[2+]
NH3,Cd2+,1,3,-26.63,-77.612,Cd[2+],-1.989760173,6.04,Cd(NH3)3[2+],Cd,Cd1(NH3)3[2+]
NH3,Cd2+,1,4,-26.63,-77.612,Cd[2+],-2.3178273854,6.92,Cd(NH3)4[2+],Cd,Cd1(NH3)4[2+]
NH3,Cd2+,1,5,-26.63,-77.612,Cd[2+],-2.5748945367,6.6,Cd(NH3)5[2+],Cd,Cd1(NH3)5[2+]
NH3,Cd2+,1,6,-26.63,-77.612,Cd[2+],-2.7503116179,4.9,Cd(NH3)6[2+],Cd,Cd1(NH3)6[2+]
NH3,Co2+,1,1,-26.63,-54.4,Co[2+],-0.9611085411,2.05,Co(NH3)1[2+],Co,Co1(NH3)1[2+]
NH3,Co2+,1,2,-26.63,-54.4,Co[2+],-1.3300007885,3.62,Co(NH3)2[2+],Co,Co1(NH3)2[2+]
NH3,Co2+,1,3,-26.63,-54.4,Co[2+],-1.6645763398,4.61,Co(NH3)3[2+],Co,Co1(NH3)3[2+]
NH3,Co2+,1,4,-26.63,-54.4,Co[2+],-1.9819935429000002,5.31,Co(NH3)4[2+],Co,Co1(NH3)4[2+]
NH3,Co2+,1,5,-26.63,-54.4,Co[2+],-2.2597690454,5.34,Co(NH3)5[2+],Co,Co1(NH3)5[2+]
NH3,Co2+,1,6,-26.63,-54.4,Co[2+],-2.500861183,4.75,Co(NH3)6[2+],Co,Co1(NH3)6[2+]
NH3,Co3+,1,1,-26.63,134.0,Co[3+],0.6808945953000001,7.3,Co(NH3)1[3+],Co,Co1(NH3)1[3+]
NH3,Co3+,1,2,-26.63,134.0,Co[3+],0.0084770872,14.0,Co(NH3)2[3+],Co,Co1(NH3)2[3+]
NH3,Co3+,1,3,-26.63,134.0,Co[3+],-0.6284403904,20.1,Co(NH3)3[3+],Co,Co1(NH3)3[3+]
NH3,Co3+,1,4,-26.63,134.0,Co[3+],-1.2357745092,25.7,Co(NH3)4[3+],Co,Co1(NH3)4[3+]
NH3,Co3+,1,5,-26.63,134.0,Co[3+],-1.8135252694,30.8,Co(NH3)5[3+],Co,Co1(NH3)5[3+]
NH3,Co3+,1,6,-26.63,134.0,Co[3+],-2.3498593273,35.2,Co(NH3)6[3+],Co,Co1(NH3)6[3+]
NH3,Cu+,1,1,-26.63,49.98,Cu[1+],-0.1070779367,5.9,Cu(NH3)1[1+],Cu,Cu1(NH3)1[1+]
NH3,Cu+,1,2,-26.63,49.98,Cu[1+],-0.6729953533,10.8,Cu(NH3)2[1+],Cu,Cu1(NH3)2[1+]
NH3,Cu2+,1,1,-26.63,65.49,Cu[2+],0.15839697560000002,4.13,Cu(NH3)1[2+],Cu,Cu1(NH3)1[2+]
NH3,Cu2+,1,2,-26.63,65.49,Cu[2+],-0.3235037022,7.61,Cu(NH3)2[2+],Cu,Cu1(NH3)2[2+]
NH3,Cu2+,1,3,-26.63,65.49,Cu[2+],-0.7693126823,10.48,Cu(NH3)3[2+],Cu,Cu1(NH3)3[2+]
NH3,Cu2+,1,4,-26.63,65.49,Cu[2+],-1.1701549571,12.59,Cu(NH3)4[2+],Cu,Cu1(NH3)4[2+]
NH3,Fe2+,1,1,-26.63,-78.9,Fe[2+],-1.1765747813,1.4,Fe(NH3)1[2+],Fe,Fe1(NH3)1[2+]
NH3,Fe2+,1,2,-26.63,-78.9,Fe[2+],-1.4999086562000001,2.2,Fe(NH3)2[2+],Fe,Fe1(NH3)2[2+]
NH3,Fe2+,1,4,-26.63,-78.9,Fe[2+],-2.1406597344,3.7,Fe(NH3)4[2+],Fe,Fe1(NH3)4[2+]
NH3,Ni2+,1,1,-26.63,-46.4,Ni[2+],-0.9196110861000001,2.75,Ni(NH3)1[2+],Ni,Ni1(NH3)1[2+]
NH3,Ni2+,1,2,-26.63,-46.4,Ni[2+],-1.3257783655,4.95,Ni(NH3)2[2+],Ni,Ni1(NH3)2[2+]
NH3,Ni2+,1,3,-26.63,-46.4,Ni[2+],-1.701770619,6.64,Ni(NH3)3[2+],Ni,Ni1(NH3)3[2+]
NH3,Ni2+,1,4,-26.63,-46.4,Ni[2+],-2.0458128451,7.79,Ni(NH3)4[2+],Ni,Ni1(NH3)4[2+]
NH3,Ni2+,1,5,-26.63,-46.4,Ni[2+],-2.3638217154,8.5,Ni(NH3)5[2+],Ni,Ni1(NH3)5[2+]
NH3,Ni2+,1,6,-26.63,-46.4,Ni[2+],-2.6392305492,8.49,Ni(NH3)6[2+],Ni,Ni1(NH3)6[2+]
NH3,Mg2+,1,1,-26.63,-454.8,Mg[2+],-5.0032786856,0.23,Mg(NH3)1[2+],Mg,Mg1(NH3)1[2+]
NH3,Mg2+,1,2,-26.63,-454.8,Mg[2+],-5.270404179,0.08,Mg(NH3)2[2+],Mg,Mg1(NH3)2[2+]
NH3,Mg2+,1,3,-26.63,-454.8,Mg[2+],-5.5203713242,-0.36,Mg(NH3)3[2+],Mg,Mg1(NH3)3[2+]
NH3,Mg2+,1,4,-26.63,-454.8,Mg[2+],-5.7525884542,-1.1,Mg(NH3)4[2+],Mg,Mg1(NH3)4[2+]
NH3,Mn2+,1,1,-26.63,-228.1,Mn[2+],-2.6874237835,0.8,Mn(NH3)1[2+],Mn,Mn1(NH3)1[2+]
NH3,Mn2+,1,2,-26.63,-228.1,Mn[2+],-2.9930076432,1.3,Mn(NH3)2[2+],Mn,Mn1(NH3)2[2+]
NH3,Zn2+,1,1,-26.63,-147.06,Zn[2+],-1.9344784453,2.27,Zn(NH3)1[2+],Zn,Zn1(NH3)1[2+]
NH3,Zn2+,1,2,-26.63,-147.06,Zn[2+],-2.3489290652,4.61,Zn(NH3)2[2+],Zn,Zn1(NH3)2[2+]
NH3,Zn2+,1,3,-26.63,-147.06,Zn[2+],-2.7669296881000003,7.01,Zn(NH3)3[2+],Zn,Zn1(NH3)3[2+]
NH3,Zn2+,1,4,-26.63,-147.06,Zn[2+],-3.1642219599,9.06,Zn(NH3)4[2+],Zn,Zn1(NH3)4[2+]
NH3,Pt2+,1,4,-26.63,254.8,Pt[2+],-0.5517712226,35.3,Pt(NH3)4[2+],Pt,Pt1(NH3)4[2+]
NH3,Pd2+,1,4,-26.63,176.5,Pd[2+],-1.215376743,30.5,Pd(NH3)4[2+],Pd,Pd1(NH3)4[2+]
Gly[1-],Au+,1,2,-314.833,176.0,Au[1+],-5.6130842072,15.4,Au(Gly)2[1+],Au,Au1(Gly)2[1-]
Gly[1-],Au3+,1,1,-314.833,440.0,Au[3+],0.8801391818000001,7.05,Au(Gly)1[3+],Au,Au1(Gly)1[2+]
Gly[1-],Au3+,1,2,-314.833,440.0,Au[3+],-2.5911417725,10.57,Au(Gly)2[3+],Au,Au1(Gly)2[1+]
Gly[1-],Ag+,1,1,-314.833,77.107,Ag[1+],-3.0460568684,9.84,Ag(Gly)1[1+],Ag,Ag1(Gly)1
Gly[1-],Ag+,1,2,-314.833,77.107,Ag[1+],-6.4581711051,12.36,Ag(Gly)2[1+],Ag,Ag1(Gly)2[1-]
Gly[1-],Fe2+,1,1,-314.833,-78.87,Fe[2+],-4.3348609417,4.3,Fe(Gly)1[2+],Fe,Fe1(Gly)1[1+]
Gly[1-],Fe2+,1,2,-314.833,-78.87,Fe[2+],-7.8049585616,7.8,Fe(Gly)2[2+],Fe,Fe1(Gly)2
Gly[1-],Fe3+,1,1,-314.833,-4.7,Fe[3+],-3.785059916,8.0,Fe(Gly)1[3+],Fe,Fe1(Gly)1[2+]
Gly[1-],Cu+,1,1,-314.833,49.98,Cu[1+],-3.1443832543,6.75,Cu(Gly)1[1+],Cu,Cu1(Gly)1
Gly[1-],Cu+,1,2,-314.833,49.98,Cu[1+],-6.5996891948,10.0,Cu(Gly)2[1+],Cu,Cu1(Gly)2[1-]
Gly[1-],Cu2+,1,1,-314.833,65.49,Cu[2+],-3.0635085005000002,8.1,Cu(Gly)1[2+],Cu,Cu1(Gly)1[1+]
Gly[1-],Cu2+,1,2,-314.833,65.49,Cu[2+],-6.7400979645,15.09,Cu(Gly)2[2+],Cu,Cu1(Gly)2
Gly[1-],Cu2+,1,3,-314.833,65.49,Cu[2+],-9.1102863063,17.24,Cu(Gly)3[2+],Cu,Cu1(Gly)3[1-]
Gly[1-],Mg2+,1,1,-314.833,-454.8,Mg[2+],-8.1802174565,3.44,Mg(Gly)1[2+],Mg,Mg1(Gly)1[1+]
Gly[1-],Mg2+,1,2,-314.833,-454.8,Mg[2+],-11.239698057,6.63,Mg(Gly)2[2+],Mg,Mg1(Gly)2
Gly[1-],Mn2+,1,1,-314.833,-228.1,Mn[2+],-5.8164375132,3.2,Mn(Gly)1[2+],Mn,Mn1(Gly)1[1+]
Gly[1-],Mn2+,1,2,-314.833,-228.1,Mn[2+],-9.2155350721,5.5,Mn(Gly)2[2+],Mn,Mn1(Gly)2
Gly[1-],Mn2+,1,3,-314.833,-228.1,Mn[2+],-12.4785491808,5.5,Mn(Gly)3[2+],Mn,Mn1(Gly)3[1-]
Gly[1-],Ni2+,1,1,-314.833,-46.4,Ni[2+],-4.0870831822,5.8,Ni(Gly)1[2+],Ni,Ni1(Gly)1[1+]
Gly[1-],Ni2+,1,2,-314.833,-46.4,Ni[2+],-7.6400142065,10.7,Ni(Gly)2[2+],Ni,Ni1(Gly)2
Gly[1-],Ni2+,1,3,-314.833,-46.4,Ni[2+],-11.0651451211,13.44,Ni(Gly)3[2+],Ni,Ni1(Gly)3[1-]
Gly[1-],Zn2+,1,1,-314.833,-147.06,Zn[2+],-5.1137838849,5.52,Zn(Gly)1[2+],Zn,Zn1(Gly)1[1+]
Gly[1-],Zn2+,1,2,-314.833,-147.06,Zn[2+],-8.6394982192,9.96,Zn(Gly)2[2+],Zn,Zn1(Gly)2
Gly[1-],Zn2+,1,3,-314.833,-147.06,Zn[2+],-11.9936290728,11.5,Zn(Gly)3[2+],Zn,Zn1(Gly)3[1-]
Gly[1-],Co2+,1,1,-314.833,-54.4,Co[2+],-4.1049139502,4.7,Co(Gly)1[2+],Co,Co1(Gly)1[1+]
Gly[1-],Co2+,1,2,-314.833,-54.4,Co[2+],-7.5927615853,8.5,Co(Gly)2[2+],Co,Co1(Gly)2
Gly[1-],Co2+,1,3,-314.833,-54.4,Co[2+],-11.0036924877,11.0,Co(Gly)3[2+],Co,Co1(Gly)3[1-]
Gly[1-],Cd2+,1,1,-314.833,-77.612,Cd[2+],-4.3123560156,4.14,Cd(Gly)1[2+],Cd,Cd1(Gly)1[1+]
Gly[1-],Cd2+,1,2,-314.833,-77.612,Cd[2+],-7.7718036264,7.46,Cd(Gly)2[2+],Cd,Cd1(Gly)2
Gly[1-],Cd2+,1,3,-314.833,-77.612,Cd[2+],-11.2034428799,10.31,Cd(Gly)3[2+],Cd,Cd1(Gly)3[1-]
Gly[1-],Na+,1,1,-314.833,-261.905,Na[1+],-5.9478847943,-0.5,Na(Gly)1[1+],Na,Na1(Gly)1
Gly[1-],Ti1+,1,1,-314.833,32.38416,Ti[1+],-3.4776264145,9.3,Ti(Gly)1[1+],Ti,Ti1(Gly)1
Gly[1-],Ti1+,1,2,-314.833,32.38416,Ti[1+],-7.08,15.0356482031,Ti(Gly)2[1+],Ti,Ti1(Gly)2[1-]
Gly[1-],Ca2+,1,1,-314.833,-553.58,Ca[2+],-9.085074911,1.43,Ca(Gly)1[2+],Ca,Ca1(Gly)1[1+]
Gly[1-],Sr2+,1,1,-314.833,-559.48,Sr[2+],-9.1148657417,0.9,Sr(Gly)1[2+],Sr,Sr1(Gly)1[1+]
Gly[1-],Pd2+,1,1,-314.833,172.4,Pd[2+],-2.015814483,9.12,Pd(Gly)1[2+],Pd,Pd1(Gly)1[1+]
Gly[1-],Pd2+,1,2,-314.833,172.4,Pd[2+],-5.777604021,17.55,Pd(Gly)2[2+],Pd,Pd1(Gly)2
CN[1-],Ag+,1,2,172.4,77.107,Ag[1+],3.1243401789,21.1,Ag(CN)2[1+],Ag,Ag1(CN)2[1-]
CN[1-],Ag+,1,3,172.4,77.107,Ag[1+],4.8638068937,21.9,Ag(CN)3[1+],Ag,Ag1(CN)3[2-]
CN[1-],Ag+,1,4,172.4,77.107,Ag[1+],6.7216070434,20.7,Ag(CN)4[1+],Ag,Ag1(CN)4[3-]
CN[1-],Au+,1,2,172.4,176.0,Au[1+],3.1316263573,38.3,Au(CN)2[1+],Au,Au1(CN)2[1-]
CN[1-],Au3+,1,4,172.4,440.0,Au[3+],8.3941428245,56.0,Au(CN)4[3+],Au,Au1(CN)4[1-]
CN[1-],Cd2+,1,1,172.4,-77.612,Cd[2+],0.656991446,5.5,Cd(CN)1[2+],Cd,Cd1(CN)1[1+]
CN[1-],Cd2+,1,2,172.4,-77.612,Cd[2+],2.1420412756,10.6,Cd(CN)2[2+],Cd,Cd1(CN)2
CN[1-],Cd2+,1,3,172.4,-77.612,Cd[2+],3.6507577921000003,15.3,Cd(CN)3[2+],Cd,Cd1(CN)3[1-]
CN[1-],Cd2+,1,4,172.4,-77.612,Cd[2+],5.2245576979,18.9,Cd(CN)4[2+],Cd,Cd1(CN)4[2-]
CN[1-],Cu+,1,2,172.4,49.98,Cu[1+],2.6716051552,24.0,Cu(CN)2[1+],Cu,Cu1(CN)2[1-]
CN[1-],Cu+,1,3,172.4,49.98,Cu[1+],4.1862383435,28.6,Cu(CN)3[1+],Cu,Cu1(CN)3[2-]
CN[1-],Cu+,1,4,172.4,49.98,Cu[1+],5.8724550125,30.3,Cu(CN)4[1+],Cu,Cu1(CN)4[3-]
CN[1-],Fe2+,1,6,172.4,-78.9,Fe[2+],7.8085578575,35.4,Fe(CN)6[2+],Fe,Fe1(CN)6[4-]
CN[1-],Fe3+,1,6,172.4,-4.7,Fe[3+],8.0924195827,43.6,Fe(CN)6[3+],Fe,Fe1(CN)6[3-]
CN[1-],Ni2+,1,4,172.4,-46.4,Ni[2+],4.8143799856000005,31.3,Ni(CN)4[2+],Ni,Ni1(CN)4[2-]
CN[1-],Pd2+,1,1,172.4,176.5,Pd[2+],2.9952739307,10.4927191973,Pd(CN)1[2+],Pd,Pd1(CN)1[1+]
CN[1-],Pd2+,1,4,172.4,176.5,Pd[2+],5.2904074499,62.3,Pd(CN)4[2+],Pd,Pd1(CN)4[2-]
CN[1-],Pd2+,1,5,172.4,176.5,Pd[2+],8.0830417359,45.3,Pd(CN)5[2+],Pd,Pd1(CN)5[3-]
CN[1-],Zn2+,1,4,172.4,-147.06,Zn[2+],4.6337633429,16.72,Zn(CN)4[2+],Zn,Zn1(CN)4[2-]
CN[1-],Pt2+,1,4,172.4,254.8,Pt[2+],5.6463460393,70.0,Pt(CN)4[2+],Pt,Pt1(CN)4[2-]
NO2[1-],Cu2+,1,1,-32.2,65.49,Cu[2+],0.2740264759,1.2,Cu(NO2)1[2+],Cu,Cu1(NO2)1[1+]
NO2[1-],Cu2+,1,2,-32.2,65.49,Cu[2+],-0.0727196849,1.42,Cu(NO2)2[2+],Cu,Cu1(NO2)2
NO2[1-],Cu2+,1,3,-32.2,65.49,Cu[2+],-0.36029912820000004,0.64,Cu(NO2)3[2+],Cu,Cu1(NO2)3[1-]
